time_s,adc_front,adc_rear,err_dist,err_skew,tof_cm,vx,vy,vz
0.055,216,254,120.0,32,401.8,0.2,-0.0440216064453125,7.199999999999999
0.110,216,249,120.0,37,400.8,0.2,-0.08803768157958985,9.245255339709061
0.165,217,249,120.0,38,412.7,0.2,-0.13205356597900392,9.545255812262115
0.220,217,249,120.0,38,481.0,0.2,-0.13205356597900392,9.545255812262115
0.270,217,245,120.0,42,502.4,0.2,-0.21616554260253906,10.864471785724646
0.322,217,243,120.0,44,481.8,0.2,-0.228,11.564971421651856
0.377,217,237,120.0,50,462.5,0.2,-0.228,13.866048299181362
0.430,198,237,120.0,31,502.6,0.2,-0.228,5.78084538109848
0.481,191,237,118.0,24,489.0,0.2,-0.2224337923823749,3.08241730562561
0.533,180,233,110.5,17,489.0,0.2,-0.20195307609346466,0.5147797507595535
0.587,162,172,71.0,60,509.9,0.2,-0.158572910993367,10.275316898281526
0.642,159,172,69.5,57,511.7,0.2,-0.158572910993367,10.275316898281526
0.693,146,153,53.5,63,510.3,0.2,-0.07396731254365997,19.078008435652556
0.748,135,153,48.0,52,502.2,0.2,-0.05245206359030961,14.063426901586583
0.799,135,161,52.0,44,494.9,0.2,-0.06989774029740504,10.549914693722055
0.854,135,161,52.0,44,516.3,0.2,-0.07431819223792405,10.599931754977645
0.909,137,161,53.0,46,522.3,0.2,-0.080584121673589,11.458815768957047
0.959,138,149,47.5,59,522.3,0.2,-0.0678996162528521,16.895594091117868
1.013,148,149,52.5,69,523.3,0.2,-0.08465904833564769,20.698281872904104
1.066,148,172,64.0,46,521.0,0.2,-0.11793473914810558,11.078764546549124
1.117,150,172,65.0,48,470.2,0.2,-0.11793473914810558,11.078764546549124
1.169,150,174,66.0,46,378.6,0.2,-0.1223233366015731,10.869100283557644
1.224,150,174,66.0,46,330.8,0.2,-0.12185866928125848,10.975280226846115
1.279,150,174,66.0,46,330.8,0.2,-0.12148693542500678,11.060224181476892
1.334,154,166,64.0,58,389.5,0.2,-0.11573534505580367,16.036962300963104
1.389,149,158,57.5,61,375.5,0.2,-0.09806219729970805,17.056759907727514
1.444,144,149,50.5,65,371.5,0.2,-0.07996275804768105,18.461436479789327
1.500,142,143,46.5,69,383.4,0.2,-0.07086348791080321,19.82515696293271
1.551,137,136,40.5,71,343.9,0.2,-0.05618942442714104,20.355193865421242
1.606,137,126,35.5,81,305.0,0.2,-0.04511762197038699,24.154330363734747
1.657,129,126,31.5,73,280.3,0.2,-0.04511762197038699,24.154330363734747
1.708,129,126,31.5,73,259.0,0.2,-0.0383284051813966,20.833756572513902
1.759,129,174,55.5,25,233.9,0.2,-0.07943234042309583,11.585371143131578
1.814,132,315,120.0,-113,221.2,0.2,-0.12346901492260755,1.6771193807414413
1.871,132,316,120.0,-114,215.8,0.2,-0.16863312319897472,-8.484804981441176
1.926,133,316,120.0,-113,211.3,0.2,-0.212792249480713,-18.42060839483229
1.981,132,285,112.5,-83,208.2,0.2,-0.23504714750938427,-27.877816522040323
2.033,128,247,91.5,-49,210.7,0.2,-0.19346313261680614,-18.521413171210245
2.088,128,194,65.0,4,216.4,0.2,-0.1494510629146577,-8.618697488226847
2.143,184,194,93.0,60,225.3,0.2,-0.1494510629146577,-8.618697488226847
2.198,184,189,90.5,65,237.0,0.2,-0.16380945324812424,11.170683538994833
2.251,174,160,71.0,84,248.8,0.2,-0.12134138226423752,20.725999510369345
2.306,136,160,52.0,46,259.6,0.2,-0.07730547070417892,13.101524019319106
2.361,136,160,52.0,46,246.4,0.2,-0.06889313899690609,12.761219215455284
2.412,115,163,43.0,22,234.2,0.2,-0.04846522786753733,3.568795394959679
2.466,115,163,43.0,22,232.6,0.2,-0.053572182294029866,2.8154096322953706
2.521,115,156,39.5,29,228.2,0.2,-0.04811460945839787,5.955268618884105
2.576,119,155,41.0,34,217.5,0.2,-0.05599670218852719,8.076722206011729
2.631,119,154,40.5,35,216.0,0.2,-0.05743411476250474,8.430351861304485
2.684,125,155,44.0,40,214.7,0.2,-0.06937044154152523,10.42638500294104
2.735,127,155,45.0,42,209.6,0.2,-0.06937044154152523,10.42638500294104
2.790,143,162,56.5,51,206.4,0.2,-0.10040710653971818,14.182927438810566
2.845,148,162,59.0,56,199.0,0.2,-0.10734271485925415,15.971450839292332
2.896,148,166,61.0,52,199.0,0.2,-0.11264557252056369,13.985740481485756
2.951,156,172,68.0,54,190.2,0.2,-0.1311845127532749,14.645794731052487
3.006,162,190,80.0,42,190.5,0.2,-0.16247109081461278,9.568113693043058
3.058,177,250,117.5,-3,187.2,0.2,-0.20410565044596043,0.20033777598983527
3.110,201,310,120.0,-39,184.3,0.2,-0.24498490001871434,-8.997493377879794
3.164,221,310,120.0,-19,182.1,0.2,-0.25,-6.838027983415152
3.219,247,310,120.0,7,181.7,0.2,-0.25,-6.838027983415152
3.274,271,246,120.0,95,180.4,0.2,-0.24993679923532378,12.975686043989633
3.324,296,246,120.0,120,182.5,0.2,-0.24554943938825902,22.05721661497352
3.376,296,278,120.0,88,178.6,0.2,-0.24203955151060721,24.2767023738446
3.430,298,295,120.0,73,180.5,0.2,-0.23923164120848578,18.05206837659363
3.485,302,299,120.0,73,178.4,0.2,-0.23698531296678862,18.341654701274905
3.537,304,299,120.0,75,171.3,0.2,-0.2351882503734309,19.40733737455907
3.592,315,295,120.0,90,169.5,0.2,-0.23375060029874473,25.680453034514624
3.647,316,284,120.0,102,165.8,0.2,-0.2326004802389958,30.371151850052016
3.700,316,284,120.0,102,164.2,0.2,-0.2326004802389958,30.371151850052016
3.755,315,273,120.0,112,161.7,0.2,-0.23168038419119663,33.49153652390909
3.810,310,260,120.0,120,154.9,0.2,-0.2309443073529573,36.30533921262955
3.865,307,255,120.0,122,152.9,0.2,-0.23035544588236584,36.58233381892584
3.920,307,231,120.0,146,152.9,0.2,-0.2298843567058927,45.92167580020339
3.975,295,219,120.0,146,147.2,0.2,-0.22950748536471413,45.01734064016271
4.026,282,208,120.0,144,147.2,0.2,-0.22920598829177133,43.45606647385944
4.080,258,199,120.0,129,157.4,0.2,-0.22896479063341704,36.77921063769444
4.135,246,196,120.0,120,174.4,0.2,-0.22877183250673364,32.99576771481596
4.190,231,194,116.5,107,193.8,0.2,-0.219074043228165,27.799564338829132
4.245,227,194,114.5,103,223.1,0.2,-0.2140062780875268,26.543764522561755
4.300,227,194,114.5,103,226.4,0.2,-0.2140062780875268,26.543764522561755
4.351,228,195,115.5,103,211.4,0.2,-0.21698384242391427,26.935011618049405
4.406,233,202,120.0,101,205.6,0.2,-0.22965778394523984,26.42996196069896
4.460,233,209,120.0,94,201.5,0.2,-0.2293262271561919,23.852819423443844
4.515,242,220,120.0,92,200.6,0.2,-0.2290609817249535,23.424295076086022
4.569,242,247,120.0,65,195.9,0.2,-0.2288487853799628,13.725384362890221
4.624,245,255,120.0,60,195.9,0.2,-0.22867902830397024,11.513481046278983
4.679,250,255,120.0,65,196.6,0.2,-0.2285432226431762,14.375634085539051
4.732,251,269,120.0,52,195.0,0.2,-0.22843457811454096,9.549337854190625
4.786,256,279,120.0,47,195.0,0.2,-0.22834766249163277,8.219811871738495
4.841,265,279,120.0,56,194.4,0.2,-0.22834766249163277,8.219811871738495
4.891,265,291,120.0,44,193.6,0.2,-0.2282781299933062,7.844798479433235
4.946,265,297,120.0,38,193.6,0.2,-0.22822250399464497,5.98179312010117
5.000,265,299,120.0,36,189.4,0.2,-0.228178003195716,5.763774598341502
5.051,272,316,120.0,26,187.9,0.2,-0.22814240255657278,2.1122870382392875
5.102,272,327,120.0,15,186.5,0.2,-0.22811392204525824,-1.8246178408261189
5.157,269,344,120.0,-5,187.9,0.2,-0.2280911376362066,-3.9025691064756423
5.212,258,356,120.0,-28,187.9,0.2,-0.22807291010896527,-11.301414532107298
5.267,258,368,120.0,-40,184.2,0.2,-0.22805832808717222,-15.14929661593925
5.322,300,368,120.0,2,185.4,0.2,-0.22805832808717222,-15.14929661593925
5.375,336,373,120.0,33,183.2,0.2,-0.2280466624697378,4.261013175625692
5.430,341,383,120.0,28,187.6,0.2,-0.2280373299757902,4.437932398452844
5.485,341,385,120.0,26,180.4,0.2,-0.22802986398063219,3.9323146425001774
5.538,341,385,120.0,26,180.4,0.2,-0.22802389118450575,4.225851714000142
5.590,319,367,120.0,22,180.4,0.2,-0.2280191129476046,2.7957088501486256
5.645,308,356,120.0,22,171.0,0.2,-0.22801529035808368,3.0765670801189002
5.700,300,355,120.0,15,170.5,0.2,-0.22801223228646694,0.4381012205536856
5.751,300,355,120.0,15,168.6,0.2,-0.22800978582917356,0.7704809764429486
5.806,300,356,120.0,14,168.7,0.2,-0.22800782866333885,0.6273677262729023
5.857,304,356,120.0,18,168.7,0.2,-0.22800782866333885,0.6273677262729023
5.912,304,361,120.0,13,166.8,0.2,-0.22800626293067108,0.5056916127354982
5.967,304,361,120.0,13,164.0,0.2,-0.22800501034453688,0.7045532901883985
6.022,304,366,120.0,8,164.0,0.2,-0.2280040082756295,-1.181435558504523
6.077,307,367,120.0,10,164.5,0.2,-0.2280032066205036,-0.1270935557841706
6.132,325,367,120.0,28,166.2,0.2,-0.2280025652964029,7.38099773769502
6.185,339,368,120.0,41,161.0,0.2,-0.2280020522371223,12.47761011110321
6.241,340,368,120.0,42,158.7,0.2,-0.22800164178969784,12.371067848281845
6.292,368,372,120.0,66,161.3,0.2,-0.22800131343175828,21.670050468521104
6.347,405,378,120.0,97,157.5,0.2,-0.22800105074540664,31.579375114517198
6.401,439,378,120.0,131,161.1,0.2,-0.22800105074540664,31.579375114517198
6.456,478,386,120.0,150.0,155.0,0.2,-0.2280008405963253,51.099676933364854
6.511,544,402,120.0,150.0,155.1,0.2,-0.22800067247706024,49.42461140694921
6.561,544,413,120.0,150.0,150.2,0.2,-0.22800053798164818,48.059689125559366
6.613,610,418,120.0,150.0,148.5,0.2,-0.22800043038531856,46.967751300447496
6.668,708,418,None,None,145.0,0.2,0.0,0.0
6.723,718,417,None,None,145.0,0.2,0.0,0.0
6.775,729,397,None,None,144.4,0.2,0.0,0.0
6.825,729,397,None,None,144.3,0.2,0.0,0.0
6.879,729,397,None,None,143.3,0.2,0.0,0.0
6.933,726,405,None,None,142.9,0.2,0.0,0.0
6.987,726,471,None,None,141.9,0.2,0.0,0.0
7.042,726,558,None,None,142.0,0.2,0.0,0.0
7.092,726,667,None,None,140.4,0.2,0.0,0.0
7.143,728,704,None,None,140.0,0.2,0.0,0.0
7.198,729,731,None,None,138.6,0.2,0.0,0.0
7.250,729,704,None,None,137.6,0.2,0.0,0.0
7.304,729,688,None,None,136.7,0.2,0.0,0.0
7.359,729,688,None,None,135.5,0.2,0.0,0.0
7.414,729,688,None,None,134.5,0.2,0.0,0.0
7.469,679,728,None,None,134.0,0.2,0.0,0.0
7.525,648,728,None,None,131.6,0.2,0.0,0.0
7.580,648,728,None,None,131.6,0.2,0.0,0.0
7.633,648,731,None,None,130.2,0.2,0.0,0.0
7.688,716,731,None,None,128.3,0.2,0.0,0.0
7.739,718,731,None,None,128.2,0.2,0.0,0.0
7.792,718,730,None,None,127.0,0.2,0.0,0.0
7.842,718,729,None,None,125.8,0.2,0.0,0.0
7.895,722,729,None,None,124.2,0.2,0.0,0.0
7.950,726,731,None,None,123.7,0.2,0.0,0.0
8.004,726,731,None,None,122.3,0.2,0.0,0.0
8.059,708,731,None,None,121.6,0.2,0.0,0.0
8.117,617,730,None,None,119.8,0.2,0.0,0.0
8.172,203,728,None,None,119.8,0.2,0.0,0.0
8.227,203,728,None,None,118.3,0.2,0.0,0.0
8.278,250,728,None,None,117.4,0.2,0.0,0.0
8.330,252,638,120.0,-150.0,115.6,0.2,-0.041095542907714847,-9.24649715423584
8.385,252,467,120.0,-145,115.0,0.2,-0.08563365936279298,-19.267573356628418
8.440,252,350,120.0,-28,113.1,0.2,-0.12968006134033205,-9.357132911682129
8.495,251,196,120.0,125,111.9,0.2,-0.17334499359130862,0.46747684478759766
8.549,239,196,120.0,113,111.1,0.2,-0.21691055297851564,10.26972770690918
8.602,239,214,120.0,95,110.1,0.2,-0.228,19.666428565979004
8.657,228,214,120.0,84,108.8,0.2,-0.228,19.666428565979004
8.710,228,225,120.0,73,106.5,0.2,-0.228,28.890295435376114
8.765,228,266,120.0,32,105.0,0.2,-0.228,18.98818056721205
8.817,228,266,120.0,32,103.2,0.2,-0.228,9.632371479306407
8.872,263,261,120.0,72,102.3,0.2,-0.228,19.540108257565684
8.927,263,261,120.0,72,101.6,0.2,-0.228,24.24490084784894
8.982,233,266,120.0,37,99.8,0.2,-0.228,14.333773757394837
9.036,233,272,120.0,31,98.8,0.2,-0.228,6.40410709776339
9.091,235,278,120.0,27,98.5,0.2,-0.228,4.86733454679303
9.146,269,278,120.0,61,97.8,0.2,-0.228,4.86733454679303
9.201,242,284,120.0,28,96.5,0.2,-0.228,5.388533406249129
9.251,245,284,120.0,31,94.7,0.2,-0.228,6.768080989717015
9.305,245,284,120.0,31,93.1,0.2,-0.228,6.794464791773612
9.360,245,289,120.0,26,91.5,0.2,-0.228,4.770602237244054
9.416,245,289,120.0,26,89.5,0.2,-0.228,4.896481789795244
9.470,257,289,120.0,38,86.9,0.2,-0.228,9.929239103928296
9.525,245,291,120.0,24,86.9,0.2,-0.228,4.016649868642296
9.575,245,293,120.0,22,83.7,0.2,-0.228,3.3356676877434253
9.630,197,293,120.0,-26,82.8,0.2,-0.228,-6.5738715349738595
9.684,142,293,120.0,-81,81.3,0.2,-0.228,-6.5738715349738595
9.735,142,279,114.5,-67,79.7,0.2,-0.214903886528947,-23.387047560855844
9.790,115,279,101.0,-94,78.4,0.2,-0.17851578028342382,-33.291836730604814
9.845,120,279,103.5,-89,76.8,0.2,-0.18762925249028267,-29.74848090542077
9.899,120,289,108.5,-99,75.0,0.2,-0.20279574977314863,-32.76648905861337
9.953,120,284,106.0,-94,73.2,0.2,-0.19635505413804447,-29.608727542748362
10.008,161,284,120.0,-53,69.1,0.2,-0.23525769035295263,-19.700776187767893
10.063,170,278,120.0,-38,64.4,0.2,-0.23380615228236212,-9.790721980919749
10.117,189,266,120.0,-7,63.1,0.2,-0.2326449218258897,0.08010760129460692
10.172,191,166,82.5,95,62.4,0.2,-0.18861759333467876,9.986256511817068
10.225,191,166,82.5,95,60.2,0.2,-0.14656723170137798,19.447587879309744
10.280,109,166,41.5,13,62.0,0.2,-0.14656723170137798,19.447587879309744
10.331,109,162,39.5,17,65.5,0.2,-0.06141765742159282,7.189617698466543
10.387,115,166,44.5,19,56.7,0.2,-0.055653937131369985,7.109745271087758
10.442,115,148,35.5,37,56.7,0.2,-0.03538425087520833,13.709465865836506
10.497,132,166,53.0,36,54.2,0.2,-0.07942588448116536,12.298584909814783
10.551,132,148,44.0,54,52.9,0.2,-0.06438315334609979,18.921356011985665
10.606,132,173,56.5,29,51.7,0.2,-0.10078836593657921,9.011473466514474
10.658,121,183,56.0,8,50.7,0.2,-0.09945201387618924,-0.49526233518230356
10.713,209,185,101.0,94,50.0,0.2,-0.14349193086837675,9.413718988059884
10.767,149,183,70.0,36,50.0,0.2,-0.1306337032975652,8.570975611164606
10.822,149,183,70.0,36,48.2,0.2,-0.1306337032975652,8.570975611164606
10.874,149,188,72.5,31,47.0,0.2,-0.1360376878809796,6.757562916053457
10.925,149,172,64.5,47,48.5,0.2,-0.1130729770260144,13.493202316473548
10.977,149,188,72.5,31,48.4,0.2,-0.1360322921523325,6.48238869372255
11.030,115,237,80.0,-52,46.4,0.2,-0.15604275379078902,-3.131420891848739
11.085,115,237,80.0,-52,44.6,0.2,-0.15443420303263122,-13.035381119815048
11.140,115,163,43.0,22,42.2,0.2,-0.1104158390799945,-3.131249230471786
11.195,115,136,29.5,49,40.7,0.2,-0.06640071762003355,6.772153098019425
11.250,216,119,71.5,150.0,42.1,0.2,-0.10999603164591246,16.581098753842177
11.302,216,119,71.5,150.0,42.1,0.2,-0.10999603164591246,16.581098753842177
11.353,216,119,71.5,150.0,39.7,0.2,-0.13824546637294163,35.12267323199159
11.408,216,183,103.5,103,37.1,0.2,-0.18226478399989476,32.52954529431497
11.463,216,305,120.0,-19,34.4,0.2,-0.2263001233553635,22.621593939334502
11.517,186,305,120.0,-49,30.8,0.2,-0.25,12.800288664371124
11.572,156,260,112.0,-34,26.9,0.2,-0.2287388016417707,2.891779409915557
11.627,180,260,120.0,-10,26.6,0.2,-0.2472631549951218,-3.0262391467984333
11.680,86,255,74.5,-99,25.5,0.2,-0.20470868111816867,-12.600995769112886
11.734,86,255,74.5,-99,24.2,0.2,-0.16151524544922335,-22.31951879462558
11.789,86,255,74.5,-99,24.3,0.2,-0.1249651552653497,-32.22747014960605
11.842,86,255,74.5,-99,28.6,0.2,-0.1249651552653497,-32.22747014960605
11.894,64,209,None,None,28.6,0.2,0.0,0.0
11.949,64,284,None,None,28.6,0.2,0.0,0.0
12.004,64,233,None,None,28.6,0.2,0.0,0.0
12.059,55,233,None,None,27.3,0.2,0.0,0.0
12.114,55,233,None,None,26.7,0.2,0.0,0.0
12.167,96,280,92.0,-114,26.0,0.2,-0.04285354614257813,-9.642047882080078
12.221,102,280,95.0,-108,26.0,0.2,-0.0858480453491211,-19.315810203552246
12.275,115,178,50.5,7,23.8,0.2,-0.057872079596017936,-9.581408500671387
12.330,244,178,115.0,136,22.4,0.2,-0.10148951886603746,0.2325153350830078
12.385,248,178,117.0,140,21.0,0.2,-0.10148951886603746,0.2325153350830078
12.440,248,220,120.0,98,19.5,0.2,-0.18965594647834216,20.069961547851562
12.495,195,255,120.0,10,18.5,0.2,-0.23370711682746326,10.158448219299316
12.549,109,255,86.0,-76,17.6,0.2,-0.1903868424744359,0.41138648986816406
12.604,109,166,41.5,13,18.7,0.2,-0.14635016797492417,5.6367315940299605
12.659,95,166,34.5,-1,17.5,0.2,-0.10232150433967027,2.7642858327602386
12.710,79,174,None,None,16.8,0.2,0.0,0.0
12.765,67,174,None,None,16.4,0.2,0.0,0.0
12.819,67,169,None,None,16.2,0.2,0.0,0.0
12.874,77,169,None,None,15.9,0.2,0.0,0.0
12.925,79,169,None,None,15.7,0.2,0.0,0.0
12.977,79,169,None,None,15.0,0.2,0.0,0.0
13.027,79,175,None,None,13.5,0.2,0.0,0.0
13.080,79,175,None,None,12.6,0.2,0.0,0.0
13.133,79,175,None,None,11.2,0.2,0.0,0.0
13.188,79,181,None,None,10.4,0.2,0.0,0.0
13.243,81,181,35.0,-30,10.1,0.2,-0.044035911560058594,-6.6
13.296,81,181,35.0,-30,9.8,0.2,-0.058,-6.6
13.350,83,180,35.5,-27,9.6,0.2,-0.05937550226726411,-5.362047959462303
13.401,83,180,35.5,-27,9.6,0.2,-0.05937550226726411,-5.362047959462303
13.452,84,161,26.5,-7,9.6,0.2,-0.03778871998748954,1.382394210765379
13.508,84,161,26.5,-7,9.5,0.2,-0.03843097598999163,1.1059153686123033
13.563,86,190,42.0,-34,9.6,0.2,-0.08120460854766443,-8.80542629856299
13.617,90,190,44.0,-30,9.5,0.2,-0.0848328979912771,-7.7179451792859926
13.672,96,176,40.0,-10,9.4,0.2,-0.07215986423184091,0.6854844774567989
13.727,90,176,37.0,-16,9.3,0.2,-0.06314840945557067,-2.025456997005176
13.781,90,173,35.5,-13,9.4,0.2,-0.05880091221892899,-0.8650209939458751
13.834,90,177,37.5,-17,9.6,0.2,-0.06434746008583439,-2.6440358883640624
13.887,102,173,41.5,-1,10.2,0.2,-0.07509689183629058,1.0636580608815318
13.940,107,173,44.0,4,11.4,0.2,-0.07509689183629058,1.0636580608815318
13.993,107,178,46.5,-1,12.1,0.2,-0.08617091638161,0.8509264487052255
14.048,111,176,47.5,5,14.7,0.2,-0.08786362368100462,0.6807411589641804
14.101,111,178,48.5,3,14.7,0.2,-0.08964676899287563,0.5445929271713443
14.156,118,190,58.0,-2,18.1,0.2,-0.11460285845265224,0.4356743417370754
14.211,133,195,68.0,8,16.4,0.2,-0.13974958671577314,0.34853947338966035
