Time,X,Y
1784806971947.642,0.0,0.0
1784806972008.018,-0.0,2e-05
1784806972047.413,-0.0,2e-05
1784806972108.33,-1e-05,1e-05
1784806972148.0552,-1e-05,-2e-05
1784806972208.037,-1e-05,-2e-05
1784806972256.75,-2e-05,1e-05
1784806972307.992,-3e-05,2e-05
1784806972367.7927,-2e-05,3e-05
1784806972407.639,-0.0,-1e-05
1784806972467.8608,-2e-05,-0.0
1784806972507.9849,-2e-05,0.0
1784806972567.8179,-1e-05,-2e-05
1784806972607.876,-2e-05,-5e-05
1784806972667.815,-3e-05,-4e-05
1784806972706.655,-1e-05,-3e-05
1784806972766.419,0.0,-5e-05
1784806972806.695,-1e-05,-5e-05
1784806972866.562,0.0,-6e-05
1784806972906.381,-1e-05,-8e-05
1784806972966.36,-3e-05,-0.0001
1784806973007.0242,-3e-05,-7e-05
1784806973067.425,-1e-05,-5e-05
1784806973107.5579,-2e-05,-3e-05
1784806973167.44,-3e-05,-0.0
1784806973207.3027,-3e-05,1e-05
1784806973267.4072,-2e-05,1e-05
1784806973307.3372,-1e-05,-2e-05
1784806973367.383,-0.0,-1e-05
1784806973407.337,-1e-05,-1e-05
1784806973467.322,-2e-05,-3e-05
1784806973507.7917,-3e-05,-3e-05
1784806973567.6711,0.00722,0.00149
1784806973627.763,0.02376,0.00134
1784806973667.827,0.04531,0.00336
1784806973727.982,0.06843,0.00384
1784806973768.5872,0.09332,0.00383
1784806973827.841,0.12144,0.00359
1784806973888.0142,0.15122,0.00366
1784806973927.808,0.17897,0.00451
1784806973988.42,0.20384,0.00515
1784806974027.771,0.22931,0.00598
1784806974087.8442,0.25868,0.00669
1784806974127.6858,0.29045,0.00775
1784806974187.333,0.32084,0.00842
1784806974228.2031,0.34881,0.00861
1784806974288.21,0.37636,0.0093
1784806974327.33,0.40699,0.00999
1784806974388.287,0.44084,0.0109
1784806974447.051,0.47451,0.01202
1784806974488.021,0.50561,0.01268
1784806974547.2131,0.53544,0.01334
1784806974587.74,0.56734,0.01439
1784806974647.5708,0.60175,0.01535
1784806974687.946,0.63665,0.01621
1784806974747.8599,0.6699,0.01687
1784806974787.148,0.70041,0.01751
1784806974847.708,0.72668,0.01807
1784806974888.5278,0.74912,0.01884
1784806974947.387,0.76999,0.01952
1784806974987.299,0.79112,0.02002
1784806975047.2542,0.81107,0.02043
1784806975088.221,0.8279,0.02096
1784806975148.494,0.84097,0.02122
1784806975207.134,0.85224,0.02138
1784806975247.712,0.86402,0.02171
1784806975308.4778,0.87448,0.02231
1784806975350.8967,0.8827,0.02217
1784806975407.594,0.88925,0.02237
1784806975447.031,0.89607,0.02272
1784806975507.8298,0.90283,0.02318
1784806975552.97,0.90871,0.02331
1784806975607.053,0.91426,0.02364
1784806975666.2522,0.91932,0.02394
1784806975706.742,0.92429,0.02411
1784806975767.364,0.92883,0.02431
1784806975807.3079,0.93278,0.02419
1784806975867.1338,0.9347,0.02546
1784806975907.0588,0.9313,0.03408
1784806975967.026,0.9291,0.053
1784806976027.0222,0.93154,0.09828
1784806976067.447,0.93331,0.1286
1784806976126.959,0.93199,0.16247
1784806976167.959,0.9288,0.19285
1784806976227.9307,0.92701,0.21988
1784806976267.854,0.92645,0.24443
1784806976327.2651,0.92603,0.26918
1784806976367.414,0.92455,0.29611
1784806976426.577,0.92235,0.32448
1784806976466.5361,0.92097,0.35259
1784806976527.1292,0.92067,0.38013
1784806976567.095,0.92049,0.40806
1784806976627.862,0.9194,0.43686
1784806976667.34,0.918,0.46696
1784806976726.583,0.91684,0.49792
1784806976767.77,0.91655,0.52856
1784806976827.828,0.91648,0.55872
1784806976888.089,0.91581,0.58955
1784806976927.9092,0.91509,0.62117
1784806976987.0488,0.91479,0.65393
1784806977027.831,0.91452,0.68643
1784806977087.177,0.91428,0.71804
1784806977126.865,0.91354,0.74528
1784806977187.3003,0.91303,0.76728
1784806977227.0369,0.91298,0.78695
1784806977287.2363,0.91283,0.80684
1784806977326.934,0.91269,0.82774
1784806977388.347,0.91237,0.84603
1784806977448.26,0.91187,0.8593
1784806977488.1511,0.91182,0.8707
1784806977547.945,0.91167,0.88297
1784806977587.5242,0.91196,0.89589
1784806977647.716,0.91191,0.90608
1784806977686.573,0.91223,0.91228
1784806977746.5889,0.91265,0.91661
1784806977786.135,0.91288,0.91944
1784806977847.585,0.91315,0.92038
1784806977907.125,0.91322,0.9198
1784806977946.874,0.91302,0.9194
1784806978006.814,0.91268,0.91937
1784806978047.1301,0.91229,0.91963
1784806978107.028,0.91196,0.91968
1784806978146.859,0.91158,0.91985
1784806978208.5938,0.90833,0.92052
1784806978269.584,0.89575,0.92297
1784806978307.0112,0.87654,0.92499
1784806978368.307,0.83197,0.9256
1784806978426.7222,0.80598,0.92542
1784806978468.6,0.77736,0.92561
1784806978526.478,0.75031,0.92563
1784806978570.755,0.72599,0.92566
1784806978626.837,0.70196,0.92525
1784806978669.7659,0.67494,0.92528
1784806978727.16,0.64472,0.92491
1784806978767.1008,0.6145,0.92508
1784806978827.601,0.58676,0.92504
1784806978869.1357,0.56011,0.92512
1784806978926.956,0.53161,0.92517
1784806978967.275,0.4998,0.92465
1784806979027.2131,0.4672,0.92432
1784806979067.6392,0.43725,0.92387
1784806979127.274,0.40853,0.92368
1784806979167.4868,0.3787,0.92346
1784806979227.858,0.34613,0.92315
1784806979267.988,0.31283,0.92276
1784806979327.898,0.28103,0.92249
1784806979367.627,0.25074,0.92222
1784806979427.237,0.22053,0.92175
1784806979467.322,0.1918,0.92111
1784806979526.8809,0.16834,0.92037
1784806979588.265,0.15016,0.91926
1784806979627.901,0.13304,0.91858
1784806979667.273,0.11422,0.91823
1784806979726.95,0.09514,0.91763
1784806979766.878,0.08023,0.91699
1784806979826.987,0.0706,0.91683
1784806979887.4722,0.06152,0.91643
1784806979927.6428,0.05054,0.91626
1784806979986.5571,0.0392,0.91588
1784806980026.874,0.03135,0.91579
1784806980087.7659,0.02668,0.91594
1784806980126.7131,0.02233,0.91613
1784806980187.83,0.01796,0.91632
1784806980226.6738,0.01384,0.91619
1784806980287.581,0.01035,0.91618
1784806980327.4583,0.00743,0.91626
1784806980387.844,0.00465,0.91631
1784806980448.3682,0.00221,0.9163
1784806980488.368,0.00011,0.91622
1784806980548.627,-8e-05,0.91516
1784806980587.869,0.00414,0.90775
1784806980648.4858,0.00749,0.88936
1784806980688.8398,0.00965,0.86675
1784806980748.846,0.01231,0.84182
1784806980787.7021,0.01528,0.81231
1784806980847.7239,0.01676,0.77989
1784806980887.8562,0.01779,0.75003
1784806980948.6348,0.01743,0.723
1784806981007.857,0.01684,0.69762
1784806981047.9739,0.01637,0.67251
1784806981107.716,0.01603,0.64637
1784806981155.96,0.01597,0.61867
1784806981207.827,0.0158,0.59068
1784806981247.134,0.01588,0.56307
1784806981307.552,0.01592,0.535
1784806981368.173,0.01619,0.50587
1784806981408.4028,0.01616,0.47608
1784806981468.545,0.01635,0.4462
1784806981507.766,0.01654,0.41611
1784806981568.182,0.01634,0.38539
1784806981608.031,0.01579,0.35409
1784806981648.9138,0.01546,0.3227
1784806981708.318,0.01564,0.29101
1784806981749.037,0.01546,0.25894
1784806981808.0781,0.01495,0.22709
1784806981847.544,0.0143,0.1987
1784806981908.366,0.0139,0.17642
1784806981948.709,0.01343,0.15742
1784806982008.467,0.01354,0.13817
1784806982047.741,0.01325,0.11711
1784806982108.2712,0.01271,0.09826
1784806982148.161,0.01193,0.0846
1784806982207.8972,0.01158,0.07343
1784806982267.7708,0.0115,0.06199
1784806982308.7412,0.01148,0.05
1784806982348.747,0.01138,0.03973
1784806982408.2383,0.01086,0.03278
1784806982448.305,0.0103,0.02752
1784806982508.1228,0.00987,0.02366
1784806982568.612,0.00938,0.02152
1784806982608.1172,0.00891,0.02113
1784806982668.876,0.00834,0.02185
1784806982730.7588,0.00836,0.02201
1784806982768.0168,0.0084,0.02219
1784806982829.794,0.00844,0.02229
1784806982868.261,0.00851,0.0224
1784806982929.292,0.00862,0.02253
1784806982967.802,0.00865,0.02263
1784806983028.7722,0.00877,0.0228
1784806983067.7869,0.00888,0.02284
1784806983128.4822,0.0091,0.0228
1784806983167.792,0.0092,0.02279
1784806983230.05,0.00925,0.0228
1784806983289.154,0.01045,0.02287
1784806983328.964,0.01929,0.0227
1784806983389.3098,0.03691,0.02256
1784806983428.71,0.05886,0.02406
1784806983488.642,0.08198,0.02498
1784806983547.803,0.10753,0.02449
1784806983588.3037,0.13669,0.02357
1784806983628.0088,0.16658,0.02368
1784806983689.183,0.19341,0.02395
1784806983748.252,0.21802,0.02438
1784806983788.197,0.24396,0.02424
1784806983848.0798,0.27416,0.02423
1784806983887.964,0.30629,0.02422
1784806983949.1729,0.33662,0.02423
1784806983987.552,0.36438,0.02424
1784806984048.8188,0.39238,0.02428
1784806984088.257,0.42412,0.02412
1784806984148.287,0.45836,0.02391
1784806984187.39,0.49135,0.02404
1784806984247.4438,0.52189,0.02382
1784806984287.064,0.55179,0.02372
1784806984347.705,0.58423,0.02349
1784806984388.683,0.61938,0.02364
1784806984449.098,0.65428,0.02354
1784806984488.2542,0.68701,0.02393
1784806984548.023,0.71676,0.02394
1784806984587.9988,0.74267,0.0242
1784806984648.8608,0.76472,0.02434
1784806984688.284,0.78548,0.02472
1784806984748.3062,0.80618,0.02494
1784806984787.8599,0.82615,0.025
1784806984868.159,0.84262,0.02512
1784806984928.959,0.86672,0.02549
1784806984968.6401,0.87842,0.02569
1784806985029.2961,0.88899,0.02585
1784806985067.953,0.89734,0.02547
1784806985129.107,0.90507,0.02549
1784806985167.777,0.91249,0.02561
1784806985228.75,0.91945,0.02563
1784806985268.153,0.92615,0.02579
1784806985328.783,0.93248,0.02575
1784806985368.5708,0.93829,0.02548
1784806985428.714,0.94376,0.02529
1784806985467.689,0.94893,0.02543
1784806985534.0522,0.95279,0.02578
1784806985587.715,0.95087,0.03123
1784806985627.5962,0.94706,0.0471
1784806985689.047,0.94792,0.06892
1784806985727.756,0.94973,0.0899
1784806985788.904,0.95223,0.1172
1784806985828.219,0.95212,0.1499
1784806985889.008,0.95071,0.18133
1784806985928.6,0.94949,0.20937
1784806985987.914,0.94879,0.23444
1784806986027.7441,0.94866,0.25901
1784806986088.0981,0.94844,0.28518
1784806986127.46,0.94756,0.31297
1784806986188.925,0.94687,0.34121
1784806986228.152,0.9466,0.3687
1784806986288.623,0.9467,0.39635
1784806986327.917,0.94717,0.42507
1784806986388.1973,0.94701,0.4549
1784806986428.3098,0.94633,0.48552
1784806986489.0088,0.94636,0.51601
1784806986527.864,0.94685,0.54658
1784806986588.043,0.94708,0.57758
1784806986628.354,0.94661,0.60921
1784806986688.4182,0.94605,0.64152
1784806986727.9758,0.94596,0.67395
1784806986788.28,0.94625,0.70628
1784806986827.2542,0.94639,0.73614
1784806986891.004,0.94605,0.76027
1784806986928.097,0.94575,0.78022
1784806986989.7117,0.94586,0.79964
1784806987028.3352,0.94625,0.82079
1784806987088.492,0.94647,0.8412
1784806987147.848,0.94624,0.85718
1784806987189.019,0.94626,0.86893
1784806987247.844,0.9458,0.87981
1784806987288.11,0.94627,0.89238
1784806987349.006,0.94614,0.90338
1784806987388.684,0.94638,0.91045
1784806987448.644,0.94677,0.91576
1784806987490.123,0.94709,0.91935
1784806987549.474,0.94757,0.92094
1784806987589.746,0.94762,0.92017
1784806987649.135,0.9474,0.91971
1784806987689.421,0.94693,0.91963
1784806987748.926,0.94646,0.91959
1784806987808.635,0.94591,0.91966
1784806987849.333,0.94522,0.9196
1784806987909.418,0.94393,0.91976
1784806987948.7761,0.93647,0.92132
1784806988008.7659,0.91948,0.92429
1784806988048.9158,0.89941,0.92578
1784806988109.845,0.87705,0.9266
1784806988148.8088,0.85223,0.92664
1784806988210.325,0.82456,0.92712
1784806988249.444,0.79643,0.92732
1784806988309.55,0.77139,0.92732
1784806988348.812,0.74822,0.92743
1784806988409.427,0.72252,0.92772
1784806988448.7341,0.69324,0.92818
1784806988509.768,0.66301,0.92817
1784806988549.244,0.63501,0.92799
1784806988610.852,0.60872,0.92788
1784806988669.301,0.58142,0.92764
1784806988709.206,0.55089,0.92799
1784806988769.351,0.51895,0.92809
1784806988809.3618,0.48805,0.92797
1784806988870.136,0.45926,0.92797
1784806988909.36,0.43,0.9281
1784806988969.929,0.39817,0.92813
1784806989008.765,0.36491,0.92801
1784806989069.251,0.30303,0.9278
1784806989128.887,0.2734,0.92709
1784806989169.2412,0.24283,0.92653
1784806989209.077,0.21571,0.92582
1784806989268.836,0.19541,0.92454
1784806989329.1787,0.17924,0.92431
1784806989390.06,0.16199,0.9242
1784806989432.958,0.14186,0.9237
1784806989489.3818,0.12326,0.92289
1784806989530.133,0.11103,0.92227
1784806989590.522,0.1034,0.92185
1784806989629.812,0.09471,0.92132
1784806989690.613,0.08219,0.92131
1784806989750.7178,0.06978,0.92126
1784806989789.999,0.06281,0.92118
1784806989851.768,0.05963,0.92124
1784806989889.982,0.05686,0.92119
1784806989950.1719,0.05414,0.92126
1784806989989.877,0.05142,0.92126
1784806990051.6108,0.04854,0.92128
1784806990089.634,0.04595,0.92152
1784806990151.66,0.04404,0.92149
1784806990189.627,0.04284,0.92151
1784806990251.6858,0.04217,0.92155
1784806990290.575,0.04279,0.92045
1784806990351.9832,0.04523,0.91237
1784806990390.551,0.04641,0.89194
1784806990451.5012,0.04736,0.86922
1784806990490.197,0.05019,0.84539
1784806990550.7322,0.05183,0.81515
1784806990589.8271,0.05364,0.78315
1784806990650.623,0.05478,0.75472
1784806990690.778,0.05535,0.72852
1784806990751.0112,0.05504,0.70299
1784806990789.487,0.05461,0.67698
1784806990851.383,0.05464,0.65034
1784806990910.344,0.05488,0.62282
1784806990951.204,0.05487,0.59485
1784806991009.711,0.05471,0.56625
1784806991050.19,0.05422,0.53742
1784806991110.3518,0.05413,0.50858
1784806991149.605,0.05437,0.47885
1784806991210.8591,0.05428,0.44849
1784806991249.999,0.05384,0.41776
1784806991310.814,0.05311,0.38673
1784806991350.6602,0.05269,0.35531
1784806991410.1328,0.05261,0.32374
1784806991470.884,0.05265,0.29187
1784806991510.059,0.05252,0.25987
1784806991569.906,0.05269,0.20101
1784806991610.109,0.05269,0.20101
1784806991670.798,0.05305,0.16026
1784806991710.324,0.05305,0.16026
1784806991771.7659,0.053,0.11943
1784806991810.6921,0.053,0.11943
1784806991870.725,0.05231,0.10078
1784806991910.09,0.05123,0.0765
1784806991970.143,0.05136,0.06508
1784806992029.8418,0.05172,0.05212
1784806992070.2332,0.05102,0.04106
1784806992129.822,0.0499,0.03503
1784806992169.696,0.04917,0.03146
1784806992229.6902,0.04833,0.02931
1784806992269.6772,0.04721,0.02872
1784806992330.5159,0.04621,0.02869
1784806992370.953,0.04524,0.02919
1784806992430.36,0.04446,0.02933
1784806992469.7869,0.044,0.02947
1784806992530.4219,0.04405,0.02963
1784806992569.977,0.04461,0.02968
1784806992630.316,0.04533,0.02977
1784806992670.523,0.04585,0.02989
1784806992731.774,0.04622,0.03002
1784806992769.701,0.04632,0.02995
1784806992830.561,0.04626,0.02984
1784806992869.634,0.04615,0.02998
1784806992930.031,0.04612,0.03007
1784806992970.055,0.04615,0.03012
1784806993030.2952,0.04824,0.03026
1784806993069.8782,0.05912,0.03052
1784806993130.493,0.07786,0.03064
1784806993169.995,0.09952,0.03108
1784806993230.0378,0.12315,0.03233
1784806993269.461,0.14954,0.03368
1784806993330.3362,0.17882,0.03458
1784806993390.2249,0.20812,0.03553
1784806993429.6318,0.23431,0.03627
1784806993489.1519,0.25894,0.03668
1784806993529.008,0.28631,0.03747
1784806993590.309,0.31753,0.03786
1784806993630.3943,0.34975,0.03857
1784806993690.552,0.37976,0.03969
1784806993749.847,0.40779,0.0406
1784806993790.44,0.43727,0.04127
1784806993850.204,0.47014,0.0425
1784806993889.944,0.50466,0.04338
1784806993949.367,0.53774,0.04456
1784806993989.229,0.56828,0.04537
1784806994049.0261,0.59921,0.04601
1784806994089.5437,0.63284,0.04644
1784806994149.9011,0.66832,0.04758
1784806994190.055,0.70346,0.04903
1784806994249.823,0.73619,0.05007
1784806994289.762,0.76459,0.05071
1784806994350.707,0.78824,0.05178
1784806994412.39,0.80969,0.05268
1784806994450.468,0.83153,0.05379
1784806994509.972,0.85288,0.05437
1784806994549.8262,0.87113,0.05492
1784806994610.303,0.88525,0.05502
1784806994652.143,0.89718,0.05544
1784806994711.791,0.90963,0.05596
1784806994750.3638,0.92155,0.05681
1784806994811.012,0.93121,0.05702
1784806994850.588,0.93898,0.05722
1784806994911.1418,0.9467,0.05745
1784806994949.975,0.95383,0.05772
1784806995010.72,0.96101,0.05793
1784806995049.891,0.96785,0.05808
1784806995110.374,0.97415,0.05831
1784806995149.604,0.98011,0.05874
1784806995210.355,0.98589,0.05887
1784806995250.166,0.99148,0.05876
1784806995311.383,0.99487,0.05961
1784806995370.919,0.99192,0.06714
1784806995410.553,0.98951,0.08455
1784806995471.572,0.99046,0.10736
1784806995509.6882,0.99143,0.12996
1784806995570.15,0.99279,0.15796
1784806995609.834,0.99356,0.19043
1784806995670.837,0.9919,0.22041
1784806995710.115,0.99064,0.24723
1784806995770.2178,0.99039,0.27283
1784806995810.051,0.98979,0.29806
1784806995870.2668,0.98618,0.35121
1784806995910.1792,0.98481,0.37894
1784806995970.761,0.98448,0.4066
1784806996029.936,0.98399,0.43483
1784806996070.2651,0.98278,0.46387
1784806996129.924,0.98129,0.49358
1784806996169.707,0.98,0.52394
1784806996230.8328,0.97952,0.55453
1784806996269.6929,0.97935,0.58532
1784806996330.8108,0.97832,0.61641
1784806996370.2432,0.977,0.6479
1784806996430.217,0.97602,0.67968
1784806996470.21,0.97528,0.71181
1784806996530.2349,0.97441,0.74385
1784806996569.96,0.97321,0.77335
1784806996630.23,0.97237,0.79695
1784806996670.723,0.97208,0.81663
1784806996731.029,0.97192,0.83572
1784806996790.242,0.97179,0.85713
1784806996830.2551,0.97151,0.87734
1784806996890.3098,0.97096,0.89269
1784806996951.0852,0.97046,0.90348
1784806996991.622,0.9703,0.91422
1784806997050.9163,0.9697,0.92611
1784806997090.094,0.96858,0.93847
1784806997150.1118,0.96814,0.94658
1784806997189.9377,0.96843,0.95226
1784806997249.9321,0.96846,0.95598
1784806997290.413,0.96872,0.95724
1784806997350.859,0.96881,0.95682
1784806997410.5388,0.9687,0.95608
1784806997450.478,0.96873,0.95599
1784806997509.8528,0.9688,0.95577
1784806997550.664,0.96856,0.95598
1784806997610.4263,0.96851,0.95605
1784806997650.6638,0.96692,0.95636
1784806997710.187,0.95723,0.95808
1784806997749.738,0.93935,0.96059
1784806997810.059,0.91909,0.96122
1784806997850.678,0.89659,0.96131
1784806997910.697,0.87118,0.96145
1784806997950.357,0.84335,0.96209
1784806998010.367,0.8165,0.96234
1784806998050.1492,0.79232,0.96225
1784806998110.387,0.76899,0.96236
1784806998149.6511,0.7427,0.96283
1784806998210.5332,0.6833,0.96324
1784806998270.763,0.65614,0.96374
1784806998311.363,0.63031,0.96389
1784806998371.688,0.60257,0.96398
1784806998410.757,0.57161,0.96417
1784806998473.989,0.53998,0.96402
1784806998511.336,0.51036,0.96411
1784806998572.265,0.48248,0.9641
1784806998611.427,0.45318,0.96419
1784806998672.4019,0.42123,0.96436
1784806998711.057,0.3885,0.96442
1784806998771.565,0.35719,0.96448
1784806998831.434,0.32788,0.96421
1784806998872.106,0.29854,0.96364
1784806998931.062,0.26781,0.96327
1784806998971.253,0.2405,0.96259
1784806999030.457,0.2212,0.96188
1784806999070.9917,0.20562,0.96189
1784806999131.427,0.18876,0.96188
1784806999171.087,0.16895,0.96151
1784806999231.4602,0.15033,0.9611
1784806999271.9739,0.13823,0.95992
1784806999331.5662,0.1306,0.95933
1784806999391.676,0.1223,0.9591
1784806999431.1921,0.11009,0.95841
1784806999472.437,0.09765,0.95814
1784806999532.0662,0.09068,0.95784
1784806999592.152,0.08886,0.95764
1784806999632.561,0.08775,0.95763
1784806999692.425,0.08649,0.95767
1784806999731.8909,0.08535,0.95772
1784806999792.633,0.08426,0.95777
1784806999831.9658,0.08322,0.95784
1784806999892.575,0.0823,0.95782
1784806999951.9438,0.08174,0.9577
1784806999991.684,0.08146,0.95779
1784807000052.0042,0.0813,0.95778
1784807000091.403,0.08266,0.95592
1784807000152.124,0.08678,0.94498
1784807000192.2021,0.08936,0.9244
1784807000252.939,0.09158,0.90247
1784807000292.289,0.09366,0.87801
1784807000352.7478,0.09559,0.8471
1784807000412.718,0.09699,0.81602
1784807000472.6602,0.09785,0.788
1784807000512.207,0.09829,0.76228
1784807000572.2283,0.0984,0.73738
1784807000611.817,0.09854,0.71136
1784807000672.693,0.0987,0.68328
1784807000712.969,0.09913,0.65428
1784807000773.6,0.0993,0.62588
1784807000811.918,0.09933,0.59815
1784807000872.4612,0.09948,0.56996
1784807000911.733,0.10007,0.50958
1784807000972.252,0.10005,0.47927
1784807001011.5981,0.10005,0.47927
1784807001072.52,0.10024,0.44915
1784807001111.819,0.10047,0.41822
1784807001172.742,0.09976,0.35424
1784807001211.5872,0.09976,0.35424
1784807001273.0188,0.09926,0.32141
1784807001311.859,0.09854,0.25825
1784807001372.721,0.09868,0.23222
1784807001411.4539,0.09855,0.21114
1784807001472.263,0.09807,0.19196
1784807001513.543,0.09812,0.17258
1784807001572.761,0.09787,0.15194
1784807001612.91,0.0977,0.13414
1784807001672.708,0.09733,0.12135
1784807001712.1013,0.0977,0.11101
1784807001774.416,0.09779,0.10001
1784807001812.4102,0.09755,0.08758
1784807001872.384,0.09735,0.07764
1784807001911.979,0.0964,0.0706
1784807001971.7878,0.09516,0.0656
1784807002011.7969,0.09379,0.06243
1784807002072.0032,0.09254,0.06068
1784807002133.474,0.09157,0.05987
1784807002172.173,0.09069,0.05983
1784807002231.91,0.08978,0.06049
1784807002271.7769,0.08897,0.06091
1784807002332.182,0.08859,0.06096
1784807002371.988,0.08831,0.06085
1784807002432.363,0.0883,0.06088
1784807002471.7769,0.08855,0.06094
1784807002533.6453,0.08884,0.06108
1784807002573.204,0.08913,0.06102
1784807002633.2842,0.08947,0.06089
1784807002671.914,0.08972,0.0609
1784807002732.3022,0.08986,0.06072
1784807002771.966,0.08978,0.06058
1784807002832.922,0.09119,0.06044
1784807002872.364,0.10122,0.06086
1784807002932.239,0.11984,0.06036
1784807002971.599,0.14125,0.06141
1784807003032.054,0.16433,0.06322
1784807003071.863,0.18971,0.0645
1784807003132.1543,0.21836,0.06586
1784807003172.5618,0.24752,0.06756
1784807003232.0261,0.27379,0.0688
1784807003272.1082,0.29748,0.07003
1784807003332.3418,0.32297,0.07133
1784807003392.941,0.35274,0.07285
1784807003432.011,0.38416,0.07434
1784807003492.9019,0.41355,0.07551
1784807003531.709,0.44038,0.07666
1784807003592.252,0.46746,0.0778
1784807003632.249,0.49847,0.07909
1784807003692.264,0.53174,0.08095
1784807003731.4639,0.56373,0.08291
1784807003791.281,0.59295,0.0846
1784807003831.267,0.62163,0.08612
1784807003891.126,0.65326,0.08761
1784807003951.362,0.68711,0.08929
1784807003991.909,0.72068,0.09112
1784807004052.792,0.75209,0.09309
1784807004091.8982,0.78159,0.09464
1784807004152.4302,0.80837,0.0958
1784807004191.806,0.83174,0.09701
1784807004251.971,0.85191,0.09822
1784807004291.621,0.87068,0.09923
1784807004352.698,0.88894,0.10038
1784807004391.464,0.90596,0.10129
1784807004452.1558,0.91975,0.10263
1784807004491.921,0.93119,0.1035
1784807004552.1592,0.9417,0.1041
1784807004592.747,0.95253,0.10473
1784807004652.069,0.96158,0.10558
1784807004692.7192,0.96788,0.10583
1784807004751.843,0.9733,0.10586
1784807004811.861,0.97837,0.10607
1784807004852.756,0.98306,0.10641
1784807004912.0,0.98694,0.10668
1784807004951.8699,0.99047,0.10684
1784807005012.146,0.99387,0.10691
1784807005051.621,0.99678,0.10671
1784807005111.383,0.99941,0.10661
1784807005171.9812,1.00157,0.10664
1784807005211.478,1.00033,0.10906
1784807005271.744,0.99058,0.14161
1784807005312.215,0.99058,0.14161
1784807005372.612,0.98684,0.19018
1784807005431.901,0.98563,0.22075
1784807005472.446,0.98372,0.25325
1784807005531.8147,0.98093,0.28318
1784807005572.0361,0.97831,0.31098
1784807005633.142,0.97602,0.33799
1784807005672.1768,0.97344,0.36417
1784807005732.649,0.97053,0.39021
1784807005771.9229,0.9677,0.41734
1784807005832.286,0.96579,0.446
1784807005872.088,0.96374,0.47494
1784807005932.4238,0.96175,0.50392
1784807005972.545,0.95977,0.53366
1784807006032.0808,0.95797,0.56353
1784807006072.755,0.95649,0.59408
1784807006131.967,0.95504,0.62533
1784807006172.113,0.95381,0.65667
1784807006232.1829,0.95226,0.68832
1784807006272.356,0.9507,0.71987
1784807006332.178,0.9494,0.75207
1784807006393.156,0.94834,0.78456
1784807006432.024,0.94762,0.81515
1784807006494.2432,0.94702,0.84036
1784807006531.3262,0.94645,0.85998
1784807006594.548,0.94541,0.87886
1784807006637.0208,0.94535,0.90011
1784807006693.836,0.94565,0.9215
1784807006732.238,0.94593,0.93789
1784807006793.1362,0.94538,0.94943
1784807006832.727,0.9447,0.96013
1784807006894.062,0.9451,0.97239
1784807006932.555,0.94583,0.98422
1784807006994.113,0.94601,0.99323
1784807007052.182,0.94575,0.99918
1784807007093.184,0.94584,1.00297
1784807007151.942,0.94603,1.00446
1784807007192.937,0.94621,1.00447
1784807007252.1348,0.94626,1.004
1784807007311.903,0.94635,1.00347
1784807007352.646,0.94609,1.00325
1784807007411.754,0.94566,1.00311
1784807007451.927,0.94496,1.00297
1784807007511.846,0.94306,1.00327
1784807007551.007,0.93371,1.00574
1784807007612.031,0.91593,1.00951
1784807007652.5261,0.89534,1.0113
1784807007712.877,0.87229,1.01178
1784807007752.428,0.84651,1.01207
1784807007812.727,0.81763,1.01203
1784807007852.915,0.78861,1.01178
1784807007912.231,0.76263,1.01178
1784807007951.5369,0.73787,1.01186
1784807008012.0608,0.71073,1.01172
1784807008051.8542,0.68032,1.01154
1784807008111.912,0.6489,1.01107
1784807008152.125,0.61952,1.01065
1784807008212.4539,0.5919,1.0105
1784807008252.316,0.56287,1.01016
1784807008312.213,0.53114,1.01016
1784807008352.235,0.49769,1.00992
1784807008411.917,0.46545,1.00918
1784807008451.8552,0.43511,1.00887
1784807008511.831,0.40443,1.00836
1784807008551.585,0.37155,1.00783
1784807008612.282,0.33687,1.00692
1784807008652.8928,0.30343,1.00619
1784807008711.957,0.2717,1.00538
1784807008751.71,0.24151,1.00431
1784807008812.632,0.2147,1.00352
1784807008872.968,0.19218,1.00299
1784807008912.6511,0.17218,1.00215
1784807008972.553,0.15261,1.0014
1784807009011.71,0.13214,1.00079
1784807009072.34,0.11443,1.00047
1784807009111.392,0.10115,0.99985
1784807009171.9968,0.09063,0.99955
1784807009211.9438,0.07048,0.99863
1784807009271.9429,0.0611,0.99819
1784807009311.725,0.0515,0.99789
1784807009372.6653,0.04267,0.99788
1784807009431.988,0.03407,0.99805
1784807009472.116,0.02582,0.99809
1784807009531.72,0.01837,0.99785
1784807009572.568,0.01082,0.99742
1784807009631.509,0.00397,0.99719
1784807009672.174,-0.00169,0.99706
1784807009731.648,-0.00688,0.99697
1784807009771.5708,-0.00871,0.99507
1784807009832.0698,-0.00534,0.9873
1784807009872.042,-0.00293,0.97056
1784807009932.058,-0.00497,0.94729
1784807009972.003,-0.00562,0.92358
1784807010032.058,-0.00477,0.89823
1784807010071.653,-0.00425,0.86984
1784807010132.3591,-0.00349,0.84259
1784807010171.587,-0.00311,0.8173
1784807010232.3442,-0.00319,0.79372
1784807010271.573,-0.00348,0.76939
1784807010333.119,-0.00348,0.74249
1784807010371.869,-0.00357,0.7143
1784807010432.232,-0.00362,0.68652
1784807010471.6108,-0.00349,0.65944
1784807010533.2842,-0.00317,0.63227
1784807010591.816,-0.00306,0.60297
1784807010639.0889,-0.00269,0.57273
1784807010692.439,-0.00274,0.54271
1784807010731.9219,-0.00297,0.51305
1784807010792.585,-0.00323,0.483
1784807010832.411,-0.00308,0.45192
1784807010893.0671,-0.00258,0.42002
1784807010931.747,-0.00249,0.38836
1784807010993.4941,-0.00238,0.35688
1784807011031.273,-0.00179,0.32488
1784807011091.271,-0.00082,0.29398
1784807011131.296,1e-05,0.26839
1784807011192.395,0.00012,0.24887
1784807011253.0872,0.00022,0.23102
1784807011292.528,0.00053,0.21061
1784807011355.035,0.00089,0.18975
1784807011392.77,0.00113,0.17294
1784807011454.259,0.00095,0.16091
1784807011512.283,0.00065,0.15059
1784807011571.636,0.00106,0.13836
1784807011612.716,0.00113,0.12549
1784807011672.462,0.00181,0.11625
1784807011712.5398,0.00188,0.11164
1784807011753.104,0.00177,0.10879
1784807011812.439,0.00169,0.10729
1784807011853.214,0.00147,0.10734
1784807011912.3972,0.00097,0.1077
1784807011952.509,0.00066,0.10781
1784807012012.794,0.00045,0.10767
1784807012072.646,0.00045,0.10758
1784807012112.6467,0.00052,0.10771
1784807012152.3398,0.00049,0.10786
1784807012212.4531,0.00054,0.10789
1784807012253.341,0.00043,0.10799
1784807012312.376,0.00033,0.10804
1784807012372.7979,0.00033,0.10809
1784807012412.193,0.00034,0.10813
